Email,First Name,Last Name,Company Name,Job Title,Phone Number,Website URL,City,State,Lifecycle Stage,Latest Traffic Source,Latest Traffic Source Date,Original Traffic Source,Time First Seen,Number of Event Completions,Marketing Contact Status,Demographic Branch,Behavior Branch,Engagement Branch,Lifecycle Branch,Interest Branch,Engagement Duration Seconds,Preferred CTA Text,Preferred CTA Link,Tone Notes,Primary Need,Client Notes,Priority Level,Preferred Send Time
henry.kim1@opengroup.com,Henry,Kim,Open Group,Operations Manager,+1-(846)-842-2013,https://www.opengroup.studio,New York,WA,customer,ORGANIC_SEARCH,2026-04-14,DIRECT_TRAFFIC,2026-01-24,27,Marketing contact,Operational Users,Product Explorers,Highly Engaged,New Clients,Efficiency-Focused,614,See workflow examples,https://novamind.example/workflows,"Supportive, clear, confidence-building",Reduce repetitive admin and speed up execution,Needs smoother delivery processes and fewer manual handoffs. Reduce repetitive admin and speed up execution.,High,08:30
priya.allen2@novalabs.com,Priya,Allen,Nova Labs,Managing Director,+1-(897)-744-8005,https://www.novalabs.io,San Francisco,MA,evangelist,DIRECT_TRAFFIC,2026-04-02,DIRECT_TRAFFIC,2026-01-11,19,Non-marketing contact,Decision Makers,Action-Takers,Moderately Engaged,Established Clients,Efficiency-Focused,107,See workflow examples,https://novamind.example/workflows,"Direct, consultative, partnership-oriented",Reduce repetitive admin and speed up execution,Interested in strategic ROI and team efficiency. Reduce repetitive admin and speed up execution.,Low,09:00
ella.brown3@anchorcollective.io,Ella,Brown,Anchor Collective,CEO,+1-(772)-786-6140,https://www.anchorcollective.io,Chicago,MA,evangelist,DIRECT_TRAFFIC,2026-02-02,ORGANIC_SEARCH,2024-11-08,8,Marketing contact,Decision Makers,Action-Takers,Low Engagement,Established Clients,Growth-Focused,34,Book a demo,https://novamind.example/demo,"Direct, consultative, partnership-oriented",Improve conversions and client outcomes,Interested in strategic ROI and team efficiency. Improve conversions and client outcomes.,Low,15:30
wyatt.carter4@openstudio.studio,Wyatt,Carter,Open Studio,Operations Manager,+1-(706)-260-4575,https://www.openstudio.io,Jersey City,WA,evangelist,DIRECT_TRAFFIC,2026-04-09,SOCIAL_MEDIA,2024-12-03,34,Marketing contact,Operational Users,Action-Takers,Highly Engaged,Established Clients,Growth-Focused,535,Book a demo,https://novamind.example/demo,"Direct, consultative, partnership-oriented",Improve conversions and client outcomes,Needs smoother delivery processes and fewer manual handoffs. Improve conversions and client outcomes.,Low,09:00
scarlett.clark5@framepartners.studio,Scarlett,Clark,Frame Partners,Operations Manager,+1-(213)-696-3987,https://www.framepartners.io,Seattle,NY,evangelist,DIRECT_TRAFFIC,2026-01-16,PAID_SEARCH,2025-07-26,5,Marketing contact,Operational Users,Action-Takers,Low Engagement,Established Clients,Innovation-Focused,25,Read the AI guide,https://novamind.example/ai-guide,"Direct, consultative, partnership-oriented",Explore AI-enabled workflows and differentiation,Needs smoother delivery processes and fewer manual handoffs. Explore AI-enabled workflows and differentiation.,Medium,15:30
emma.wright6@summithouse.io,Emma,Wright,Summit House,Art Director,+1-(264)-395-2103,https://www.summithouse.co,San Francisco,TX,customer,SOCIAL_MEDIA,2026-03-04,ORGANIC_SEARCH,2025-01-05,8,Non-marketing contact,Creative Practitioners,Passive Visitors,Moderately Engaged,New Clients,Innovation-Focused,278,Read the AI guide,https://novamind.example/ai-guide,"Supportive, clear, confidence-building",Explore AI-enabled workflows and differentiation,Wants practical AI support without hurting creativity. Explore AI-enabled workflows and differentiation.,Low,11:00
ava.taylor7@blueworks.co,Ava,Taylor,Blue Works,Creative Lead,+1-(678)-691-8927,https://www.blueworks.io,Brooklyn,TX,opportunity,DIRECT_TRAFFIC,2026-01-11,ORGANIC_SEARCH,2024-08-24,7,Non-marketing contact,Creative Practitioners,Action-Takers,Low Engagement,New Clients,Efficiency-Focused,92,See workflow examples,https://novamind.example/workflows,"Supportive, clear, confidence-building",Reduce repetitive admin and speed up execution,Wants practical AI support without hurting creativity. Reduce repetitive admin and speed up execution.,Low,08:30
noah.adams8@layerlabs.com,Noah,Adams,Layer Labs,Delivery Lead,+1-(852)-428-4197,https://www.layerlabs.co,Los Angeles,WA,subscriber,ORGANIC_SEARCH,2026-01-09,SOCIAL_MEDIA,2025-07-02,4,Non-marketing contact,Operational Users,Product Explorers,Low Engagement,Potential Clients,Innovation-Focused,61,Read the AI guide,https://novamind.example/ai-guide,"Educational, trust-building, practical",Explore AI-enabled workflows and differentiation,Needs smoother delivery processes and fewer manual handoffs. Explore AI-enabled workflows and differentiation.,Low,09:00
lucas.hall9@brightworks.io,Lucas,Hall,Bright Works,Delivery Lead,+1-(695)-839-1031,https://www.brightworks.studio,Chicago,NJ,opportunity,DIRECT_TRAFFIC,2026-04-14,PAID_SEARCH,2024-11-29,21,Marketing contact,Operational Users,Action-Takers,Highly Engaged,New Clients,Growth-Focused,284,Book a demo,https://novamind.example/demo,"Supportive, clear, confidence-building",Improve conversions and client outcomes,Needs smoother delivery processes and fewer manual handoffs. Improve conversions and client outcomes.,Medium,10:00
penelope.nguyen10@layerlabs.studio,Penelope,Nguyen,Layer Labs,Project Manager,+1-(874)-558-3554,https://www.layerlabs.co,New York,NY,customer,SOCIAL_MEDIA,2026-03-29,EMAIL_MARKETING,2024-11-18,5,Non-marketing contact,Operational Users,Passive Visitors,Moderately Engaged,Established Clients,Innovation-Focused,89,Read the AI guide,https://novamind.example/ai-guide,"Direct, consultative, partnership-oriented",Explore AI-enabled workflows and differentiation,Needs smoother delivery processes and fewer manual handoffs. Explore AI-enabled workflows and differentiation.,Medium,09:00
stella.scott11@pixelmedia.co,Stella,Scott,Pixel Media,Principal,+1-(714)-333-9713,https://www.pixelmedia.co,Atlanta,NY,marketingqualifiedlead,SOCIAL_MEDIA,2026-04-07,REFERRALS,2025-03-21,22,Non-marketing contact,Decision Makers,Passive Visitors,Highly Engaged,Potential Clients,Growth-Focused,314,Book a demo,https://novamind.example/demo,"Educational, trust-building, practical",Improve conversions and client outcomes,Interested in strategic ROI and team efficiency. Improve conversions and client outcomes.,Low,15:30
julian.nelson12@brightlabs.co,Julian,Nelson,Bright Labs,Principal,+1-(720)-663-1456,https://www.brightlabs.com,San Francisco,CA,marketingqualifiedlead,ORGANIC_SEARCH,2026-03-04,SOCIAL_MEDIA,2025-08-01,4,Marketing contact,Decision Makers,Product Explorers,Moderately Engaged,Potential Clients,Efficiency-Focused,202,See workflow examples,https://novamind.example/workflows,"Educational, trust-building, practical",Reduce repetitive admin and speed up execution,Interested in strategic ROI and team efficiency. Reduce repetitive admin and speed up execution.,Medium,08:30
aiden.hall13@signalstudio.studio,Aiden,Hall,Signal Studio,Senior Designer,+1-(639)-274-4484,https://www.signalstudio.io,Brooklyn,TX,customer,DIRECT_TRAFFIC,2026-02-09,SOCIAL_MEDIA,2024-10-25,9,Marketing contact,Creative Practitioners,Action-Takers,Low Engagement,New Clients,Efficiency-Focused,30,See workflow examples,https://novamind.example/workflows,"Supportive, clear, confidence-building",Reduce repetitive admin and speed up execution,Wants practical AI support without hurting creativity. Reduce repetitive admin and speed up execution.,Low,08:30
theodore.scott14@pixelstudio.co,Theodore,Scott,Pixel Studio,Art Director,+1-(295)-939-6995,https://www.pixelstudio.com,Chicago,MA,customer,SOCIAL_MEDIA,2026-04-09,PAID_SEARCH,2025-01-13,24,Non-marketing contact,Creative Practitioners,Passive Visitors,Highly Engaged,Established Clients,Growth-Focused,593,Book a demo,https://novamind.example/demo,"Direct, consultative, partnership-oriented",Improve conversions and client outcomes,Wants practical AI support without hurting creativity. Improve conversions and client outcomes.,Low,10:00
julian.baker15@motivegroup.io,Julian,Baker,Motive Group,Head of Growth,+1-(616)-352-9791,https://www.motivegroup.studio,Chicago,NJ,evangelist,DIRECT_TRAFFIC,2026-04-11,REFERRALS,2025-11-10,16,Non-marketing contact,Decision Makers,Action-Takers,Highly Engaged,Established Clients,Efficiency-Focused,365,See workflow examples,https://novamind.example/workflows,"Direct, consultative, partnership-oriented",Reduce repetitive admin and speed up execution,Interested in strategic ROI and team efficiency. Reduce repetitive admin and speed up execution.,Low,15:30
harper.ross16@novacollective.io,Harper,Ross,Nova Collective,Brand Strategist,+1-(245)-739-4906,https://www.novacollective.com,Jersey City,IL,evangelist,SOCIAL_MEDIA,2026-04-01,REFERRALS,2024-08-23,9,Marketing contact,Creative Practitioners,Passive Visitors,Moderately Engaged,Established Clients,Efficiency-Focused,80,See workflow examples,https://novamind.example/workflows,"Direct, consultative, partnership-oriented",Reduce repetitive admin and speed up execution,Wants practical AI support without hurting creativity. Reduce repetitive admin and speed up execution.,Low,10:00
jordan.martinez17@orbitgroup.co,Jordan,Martinez,Orbit Group,Managing Director,+1-(658)-308-8080,https://www.orbitgroup.studio,Atlanta,GA,lead,ORGANIC_SEARCH,2026-04-07,DIRECT_TRAFFIC,2025-09-05,12,Marketing contact,Decision Makers,Product Explorers,Moderately Engaged,Potential Clients,Growth-Focused,357,Book a demo,https://novamind.example/demo,"Educational, trust-building, practical",Improve conversions and client outcomes,Interested in strategic ROI and team efficiency. Improve conversions and client outcomes.,Low,11:00
layla.brown18@anchorcreative.co,Layla,Brown,Anchor Creative,Brand Strategist,+1-(882)-590-9289,https://www.anchorcreative.io,Boston,WA,customer,SOCIAL_MEDIA,2026-02-26,PAID_SEARCH,2024-11-22,3,Marketing contact,Creative Practitioners,Passive Visitors,Low Engagement,New Clients,Growth-Focused,109,Book a demo,https://novamind.example/demo,"Supportive, clear, confidence-building",Improve conversions and client outcomes,Wants practical AI support without hurting creativity. Improve conversions and client outcomes.,Low,08:30
riley.brown19@framelabs.io,Riley,Brown,Frame Labs,Head of Growth,+1-(715)-871-4292,https://www.framelabs.co,Atlanta,NY,customer,DIRECT_TRAFFIC,2026-04-10,ORGANIC_SEARCH,2025-02-24,20,Non-marketing contact,Decision Makers,Action-Takers,Highly Engaged,Established Clients,Innovation-Focused,181,Read the AI guide,https://novamind.example/ai-guide,"Direct, consultative, partnership-oriented",Explore AI-enabled workflows and differentiation,Interested in strategic ROI and team efficiency. Explore AI-enabled workflows and differentiation.,Medium,11:00
sofia.garcia20@sparkhouse.com,Sofia,Garcia,Spark House,CEO,+1-(245)-932-9404,https://www.sparkhouse.studio,Atlanta,TX,customer,ORGANIC_SEARCH,2026-04-10,SOCIAL_MEDIA,2025-10-19,33,Marketing contact,Decision Makers,Product Explorers,Highly Engaged,New Clients,Efficiency-Focused,686,See workflow examples,https://novamind.example/workflows,"Supportive, clear, confidence-building",Reduce repetitive admin and speed up execution,Interested in strategic ROI and team efficiency. Reduce repetitive admin and speed up execution.,Low,15:30
mason.nelson21@brighthouse.co,Mason,Nelson,Bright House,Senior Designer,+1-(668)-271-9240,https://www.brighthouse.com,Atlanta,NJ,customer,ORGANIC_SEARCH,2026-04-05,REFERRALS,2025-07-09,27,Marketing contact,Creative Practitioners,Product Explorers,Highly Engaged,New Clients,Efficiency-Focused,877,See workflow examples,https://novamind.example/workflows,"Supportive, clear, confidence-building",Reduce repetitive admin and speed up execution,Wants practical AI support without hurting creativity. Reduce repetitive admin and speed up execution.,Medium,10:00
mateo.adams22@openstudio.co,Mateo,Adams,Open Studio,Delivery Lead,+1-(540)-460-5987,https://www.openstudio.co,New York,MA,evangelist,SOCIAL_MEDIA,2026-04-05,ORGANIC_SEARCH,2025-08-25,16,Marketing contact,Operational Users,Passive Visitors,Highly Engaged,Established Clients,Growth-Focused,227,Book a demo,https://novamind.example/demo,"Direct, consultative, partnership-oriented",Improve conversions and client outcomes,Needs smoother delivery processes and fewer manual handoffs. Improve conversions and client outcomes.,Medium,14:00
jordan.walker23@signalpartners.io,Jordan,Walker,Signal Partners,Operations Manager,+1-(476)-596-4437,https://www.signalpartners.co,Brooklyn,NJ,customer,SOCIAL_MEDIA,2026-04-14,ORGANIC_SEARCH,2024-12-11,23,Non-marketing contact,Operational Users,Passive Visitors,Highly Engaged,New Clients,Efficiency-Focused,197,See workflow examples,https://novamind.example/workflows,"Supportive, clear, confidence-building",Reduce repetitive admin and speed up execution,Needs smoother delivery processes and fewer manual handoffs. Reduce repetitive admin and speed up execution.,Low,14:00
emma.adams24@canvaslabs.io,Emma,Adams,Canvas Labs,Art Director,+1-(524)-323-6428,https://www.canvaslabs.com,Chicago,CA,subscriber,SOCIAL_MEDIA,2025-11-21,REFERRALS,2025-06-10,0,Non-marketing contact,Creative Practitioners,Passive Visitors,Low Engagement,Potential Clients,Growth-Focused,53,Book a demo,https://novamind.example/demo,"Educational, trust-building, practical",Improve conversions and client outcomes,Wants practical AI support without hurting creativity. Improve conversions and client outcomes.,Medium,10:00
scarlett.nguyen25@orbitstudio.io,Scarlett,Nguyen,Orbit Studio,Founder,+1-(473)-646-9371,https://www.orbitstudio.io,Austin,CA,customer,ORGANIC_SEARCH,2026-03-22,EMAIL_MARKETING,2025-05-14,5,Marketing contact,Decision Makers,Product Explorers,Moderately Engaged,Established Clients,Efficiency-Focused,101,See workflow examples,https://novamind.example/workflows,"Direct, consultative, partnership-oriented",Reduce repetitive admin and speed up execution,Interested in strategic ROI and team efficiency. Reduce repetitive admin and speed up execution.,Medium,09:00
grace.roberts26@metricgroup.co,Grace,Roberts,Metric Group,Head of Growth,+1-(505)-461-5262,https://www.metricgroup.studio,Austin,IL,evangelist,SOCIAL_MEDIA,2026-04-15,REFERRALS,2024-11-28,26,Non-marketing contact,Decision Makers,Passive Visitors,Highly Engaged,Established Clients,Growth-Focused,310,Book a demo,https://novamind.example/demo,"Direct, consultative, partnership-oriented",Improve conversions and client outcomes,Interested in strategic ROI and team efficiency. Improve conversions and client outcomes.,Low,10:00
nora.allen27@bluelabs.co,Nora,Allen,Blue Labs,Content Strategist,+1-(770)-293-6231,https://www.bluelabs.co,Chicago,IL,evangelist,ORGANIC_SEARCH,2026-03-31,ORGANIC_SEARCH,2025-07-05,12,Non-marketing contact,Creative Practitioners,Product Explorers,Moderately Engaged,Established Clients,Innovation-Focused,173,Read the AI guide,https://novamind.example/ai-guide,"Direct, consultative, partnership-oriented",Explore AI-enabled workflows and differentiation,Wants practical AI support without hurting creativity. Explore AI-enabled workflows and differentiation.,Medium,09:00
luna.johnson28@sparkmedia.co,Luna,Johnson,Spark Media,Head of Growth,+1-(643)-519-1357,https://www.sparkmedia.co,New York,GA,lead,ORGANIC_SEARCH,2026-04-03,REFERRALS,2025-02-14,8,Non-marketing contact,Decision Makers,Product Explorers,Moderately Engaged,Potential Clients,Growth-Focused,202,Book a demo,https://novamind.example/demo,"Educational, trust-building, practical",Improve conversions and client outcomes,Interested in strategic ROI and team efficiency. Improve conversions and client outcomes.,Low,15:30
theodore.nelson29@layerworks.com,Theodore,Nelson,Layer Works,Client Success Manager,+1-(288)-764-1647,https://www.layerworks.com,Jersey City,WA,customer,ORGANIC_SEARCH,2026-02-05,EMAIL_MARKETING,2025-09-27,1,Non-marketing contact,Operational Users,Product Explorers,Low Engagement,Established Clients,Growth-Focused,81,Book a demo,https://novamind.example/demo,"Direct, consultative, partnership-oriented",Improve conversions and client outcomes,Needs smoother delivery processes and fewer manual handoffs. Improve conversions and client outcomes.,Low,15:30
luna.turner30@pixelstudio.studio,Luna,Turner,Pixel Studio,Managing Director,+1-(486)-523-4970,https://www.pixelstudio.studio,Atlanta,WA,subscriber,DIRECT_TRAFFIC,2026-04-12,DIRECT_TRAFFIC,2026-03-13,38,Non-marketing contact,Decision Makers,Action-Takers,Highly Engaged,Potential Clients,Innovation-Focused,795,Read the AI guide,https://novamind.example/ai-guide,"Educational, trust-building, practical",Explore AI-enabled workflows and differentiation,Interested in strategic ROI and team efficiency. Explore AI-enabled workflows and differentiation.,Low,10:00
levi.lee31@orbitworks.com,Levi,Lee,Orbit Works,Head of Growth,+1-(899)-605-4245,https://www.orbitworks.com,Seattle,NJ,opportunity,ORGANIC_SEARCH,2026-01-17,EMAIL_MARKETING,2025-01-16,3,Non-marketing contact,Decision Makers,Product Explorers,Low Engagement,New Clients,Efficiency-Focused,19,See workflow examples,https://novamind.example/workflows,"Supportive, clear, confidence-building",Reduce repetitive admin and speed up execution,Interested in strategic ROI and team efficiency. Reduce repetitive admin and speed up execution.,Medium,11:00
mia.walker32@signalagency.studio,Mia,Walker,Signal Agency,Managing Director,+1-(225)-810-3325,https://www.signalagency.studio,New York,NY,subscriber,ORGANIC_SEARCH,2025-11-30,REFERRALS,2025-06-14,5,Marketing contact,Decision Makers,Product Explorers,Low Engagement,Potential Clients,Innovation-Focused,22,Read the AI guide,https://novamind.example/ai-guide,"Educational, trust-building, practical",Explore AI-enabled workflows and differentiation,Interested in strategic ROI and team efficiency. Explore AI-enabled workflows and differentiation.,Medium,08:30
isabella.clark33@bluecollective.co,Isabella,Clark,Blue Collective,Delivery Lead,+1-(283)-559-7884,https://www.bluecollective.com,Atlanta,WA,evangelist,ORGANIC_SEARCH,2026-04-10,ORGANIC_SEARCH,2025-11-30,24,Non-marketing contact,Operational Users,Product Explorers,Highly Engaged,Established Clients,Innovation-Focused,353,Read the AI guide,https://novamind.example/ai-guide,"Direct, consultative, partnership-oriented",Explore AI-enabled workflows and differentiation,Needs smoother delivery processes and fewer manual handoffs. Explore AI-enabled workflows and differentiation.,Medium,08:30
jack.anderson34@openworks.studio,Jack,Anderson,Open Works,Studio Manager,+1-(265)-263-5210,https://www.openworks.co,Brooklyn,CA,customer,ORGANIC_SEARCH,2026-03-24,REFERRALS,2026-01-22,14,Non-marketing contact,Operational Users,Product Explorers,Moderately Engaged,New Clients,Growth-Focused,282,Book a demo,https://novamind.example/demo,"Supportive, clear, confidence-building",Improve conversions and client outcomes,Needs smoother delivery processes and fewer manual handoffs. Improve conversions and client outcomes.,Medium,08:30
ella.garcia35@northstudio.io,Ella,Garcia,North Studio,Client Success Manager,+1-(706)-335-9135,https://www.northstudio.co,New York,IL,customer,SOCIAL_MEDIA,2026-04-12,REFERRALS,2024-12-02,10,Non-marketing contact,Operational Users,Passive Visitors,Highly Engaged,Established Clients,Innovation-Focused,666,Read the AI guide,https://novamind.example/ai-guide,"Direct, consultative, partnership-oriented",Explore AI-enabled workflows and differentiation,Needs smoother delivery processes and fewer manual handoffs. Explore AI-enabled workflows and differentiation.,Low,10:00
riley.nelson36@anchorcreative.io,Riley,Nelson,Anchor Creative,Principal,+1-(637)-307-2182,https://www.anchorcreative.io,Boston,NJ,customer,DIRECT_TRAFFIC,2026-02-28,DIRECT_TRAFFIC,2024-07-23,11,Marketing contact,Decision Makers,Action-Takers,Low Engagement,New Clients,Innovation-Focused,19,Read the AI guide,https://novamind.example/ai-guide,"Supportive, clear, confidence-building",Explore AI-enabled workflows and differentiation,Interested in strategic ROI and team efficiency. Explore AI-enabled workflows and differentiation.,Medium,10:00
mia.nguyen37@flowlabs.co,Mia,Nguyen,Flow Labs,Studio Manager,+1-(404)-649-5053,https://www.flowlabs.co,Austin,WA,evangelist,ORGANIC_SEARCH,2026-03-21,SOCIAL_MEDIA,2025-02-13,8,Non-marketing contact,Operational Users,Product Explorers,Moderately Engaged,Established Clients,Efficiency-Focused,212,See workflow examples,https://novamind.example/workflows,"Direct, consultative, partnership-oriented",Reduce repetitive admin and speed up execution,Needs smoother delivery processes and fewer manual handoffs. Reduce repetitive admin and speed up execution.,Low,15:30
emma.brown38@motivecollective.studio,Emma,Brown,Motive Collective,Brand Strategist,+1-(501)-438-2953,https://www.motivecollective.com,Austin,WA,opportunity,ORGANIC_SEARCH,2026-04-14,REFERRALS,2025-08-01,10,Marketing contact,Creative Practitioners,Product Explorers,Highly Engaged,New Clients,Innovation-Focused,666,Read the AI guide,https://novamind.example/ai-guide,"Supportive, clear, confidence-building",Explore AI-enabled workflows and differentiation,Wants practical AI support without hurting creativity. Explore AI-enabled workflows and differentiation.,Low,10:00
alex.anderson39@flowhouse.io,Alex,Anderson,Flow House,Brand Strategist,+1-(814)-949-4333,https://www.flowhouse.com,Chicago,GA,marketingqualifiedlead,SOCIAL_MEDIA,2026-04-06,PAID_SEARCH,2026-01-31,8,Marketing contact,Creative Practitioners,Passive Visitors,Moderately Engaged,Potential Clients,Innovation-Focused,249,Read the AI guide,https://novamind.example/ai-guide,"Educational, trust-building, practical",Explore AI-enabled workflows and differentiation,Wants practical AI support without hurting creativity. Explore AI-enabled workflows and differentiation.,Low,10:00
david.anderson40@orbitcollective.co,David,Anderson,Orbit Collective,Principal,+1-(628)-252-6117,https://www.orbitcollective.io,Los Angeles,GA,customer,ORGANIC_SEARCH,2026-03-29,SOCIAL_MEDIA,2025-01-14,10,Non-marketing contact,Decision Makers,Product Explorers,Moderately Engaged,New Clients,Growth-Focused,213,Book a demo,https://novamind.example/demo,"Supportive, clear, confidence-building",Improve conversions and client outcomes,Interested in strategic ROI and team efficiency. Improve conversions and client outcomes.,High,15:30
daniel.perez41@sparkmedia.co,Daniel,Perez,Spark Media,Project Manager,+1-(292)-786-7075,https://www.sparkmedia.co,Jersey City,CA,lead,SOCIAL_MEDIA,2026-03-29,PAID_SEARCH,2024-08-22,5,Non-marketing contact,Operational Users,Passive Visitors,Moderately Engaged,Potential Clients,Efficiency-Focused,82,See workflow examples,https://novamind.example/workflows,"Educational, trust-building, practical",Reduce repetitive admin and speed up execution,Needs smoother delivery processes and fewer manual handoffs. Reduce repetitive admin and speed up execution.,Low,15:30
benjamin.martinez42@opencollective.studio,Benjamin,Martinez,Open Collective,Brand Strategist,+1-(856)-427-7627,https://www.opencollective.co,San Francisco,TX,evangelist,DIRECT_TRAFFIC,2026-03-03,EMAIL_MARKETING,2025-11-15,10,Marketing contact,Creative Practitioners,Action-Takers,Low Engagement,Established Clients,Efficiency-Focused,96,See workflow examples,https://novamind.example/workflows,"Direct, consultative, partnership-oriented",Reduce repetitive admin and speed up execution,Wants practical AI support without hurting creativity. Reduce repetitive admin and speed up execution.,Medium,14:00
luna.johnson43@threadlabs.studio,Luna,Johnson,Thread Labs,Head of Growth,+1-(865)-630-6049,https://www.threadlabs.co,Los Angeles,GA,evangelist,ORGANIC_SEARCH,2026-04-14,DIRECT_TRAFFIC,2024-12-14,22,Non-marketing contact,Decision Makers,Product Explorers,Highly Engaged,Established Clients,Efficiency-Focused,793,See workflow examples,https://novamind.example/workflows,"Direct, consultative, partnership-oriented",Reduce repetitive admin and speed up execution,Interested in strategic ROI and team efficiency. Reduce repetitive admin and speed up execution.,High,15:30
penelope.anderson44@flowlabs.com,Penelope,Anderson,Flow Labs,Client Success Manager,+1-(294)-652-9263,https://www.flowlabs.com,New York,TX,customer,ORGANIC_SEARCH,2025-12-04,SOCIAL_MEDIA,2025-07-06,0,Non-marketing contact,Operational Users,Product Explorers,Low Engagement,New Clients,Growth-Focused,23,Book a demo,https://novamind.example/demo,"Supportive, clear, confidence-building",Improve conversions and client outcomes,Needs smoother delivery processes and fewer manual handoffs. Improve conversions and client outcomes.,Low,11:00
sofia.turner45@threadcollective.com,Sofia,Turner,Thread Collective,Art Director,+1-(363)-531-5505,https://www.threadcollective.studio,Jersey City,IL,customer,SOCIAL_MEDIA,2026-02-11,ORGANIC_SEARCH,2025-06-10,2,Non-marketing contact,Creative Practitioners,Passive Visitors,Low Engagement,Established Clients,Efficiency-Focused,51,See workflow examples,https://novamind.example/workflows,"Direct, consultative, partnership-oriented",Reduce repetitive admin and speed up execution,Wants practical AI support without hurting creativity. Reduce repetitive admin and speed up execution.,High,10:00
layla.turner46@beaconstudio.co,Layla,Turner,Beacon Studio,Project Manager,+1-(664)-768-9543,https://www.beaconstudio.com,Seattle,GA,lead,ORGANIC_SEARCH,2026-04-13,DIRECT_TRAFFIC,2025-11-27,35,Non-marketing contact,Operational Users,Product Explorers,Highly Engaged,Potential Clients,Efficiency-Focused,450,See workflow examples,https://novamind.example/workflows,"Educational, trust-building, practical",Reduce repetitive admin and speed up execution,Needs smoother delivery processes and fewer manual handoffs. Reduce repetitive admin and speed up execution.,Low,08:30
mateo.carter47@sparkcreative.co,Mateo,Carter,Spark Creative,Delivery Lead,+1-(427)-352-5767,https://www.sparkcreative.studio,Los Angeles,CA,opportunity,ORGANIC_SEARCH,2025-12-27,EMAIL_MARKETING,2025-01-21,5,Marketing contact,Operational Users,Product Explorers,Low Engagement,New Clients,Efficiency-Focused,89,See workflow examples,https://novamind.example/workflows,"Supportive, clear, confidence-building",Reduce repetitive admin and speed up execution,Needs smoother delivery processes and fewer manual handoffs. Reduce repetitive admin and speed up execution.,Low,08:30
jordan.kim48@summitworks.com,Jordan,Kim,Summit Works,Project Manager,+1-(338)-214-4990,https://www.summitworks.co,San Francisco,NJ,subscriber,ORGANIC_SEARCH,2026-03-02,DIRECT_TRAFFIC,2025-01-31,6,Marketing contact,Operational Users,Product Explorers,Moderately Engaged,Potential Clients,Innovation-Focused,179,Read the AI guide,https://novamind.example/ai-guide,"Educational, trust-building, practical",Explore AI-enabled workflows and differentiation,Needs smoother delivery processes and fewer manual handoffs. Explore AI-enabled workflows and differentiation.,Medium,11:00
alex.scott49@sparkstudio.com,Alex,Scott,Spark Studio,Managing Director,+1-(391)-443-3608,https://www.sparkstudio.com,Brooklyn,NY,customer,ORGANIC_SEARCH,2026-02-02,DIRECT_TRAFFIC,2025-11-11,0,Non-marketing contact,Decision Makers,Product Explorers,Low Engagement,Established Clients,Innovation-Focused,20,Read the AI guide,https://novamind.example/ai-guide,"Direct, consultative, partnership-oriented",Explore AI-enabled workflows and differentiation,Interested in strategic ROI and team efficiency. Explore AI-enabled workflows and differentiation.,Low,08:30
aiden.allen50@pixelmedia.co,Aiden,Allen,Pixel Media,Brand Strategist,+1-(585)-647-8622,https://www.pixelmedia.com,San Francisco,TX,opportunity,DIRECT_TRAFFIC,2026-03-20,EMAIL_MARKETING,2024-10-27,22,Marketing contact,Creative Practitioners,Action-Takers,Moderately Engaged,New Clients,Growth-Focused,99,Book a demo,https://novamind.example/demo,"Supportive, clear, confidence-building",Improve conversions and client outcomes,Wants practical AI support without hurting creativity. Improve conversions and client outcomes.,Low,14:00
elijah.nguyen51@northcollective.io,Elijah,Nguyen,North Collective,Project Manager,+1-(442)-961-4322,https://www.northcollective.co,Chicago,WA,evangelist,SOCIAL_MEDIA,2025-12-31,ORGANIC_SEARCH,2024-07-10,4,Non-marketing contact,Operational Users,Passive Visitors,Low Engagement,Established Clients,Growth-Focused,42,Book a demo,https://novamind.example/demo,"Direct, consultative, partnership-oriented",Improve conversions and client outcomes,Needs smoother delivery processes and fewer manual handoffs. Improve conversions and client outcomes.,Low,09:00
jack.taylor52@sparkgroup.studio,Jack,Taylor,Spark Group,Brand Strategist,+1-(315)-309-3651,https://www.sparkgroup.io,Jersey City,NY,marketingqualifiedlead,DIRECT_TRAFFIC,2026-03-26,PAID_SEARCH,2025-09-12,17,Marketing contact,Creative Practitioners,Action-Takers,Moderately Engaged,Potential Clients,Efficiency-Focused,114,See workflow examples,https://novamind.example/workflows,"Educational, trust-building, practical",Reduce repetitive admin and speed up execution,Wants practical AI support without hurting creativity. Reduce repetitive admin and speed up execution.,Medium,08:30
daniel.ross53@openworks.com,Daniel,Ross,Open Works,Founder,+1-(847)-847-5708,https://www.openworks.studio,Brooklyn,TX,subscriber,SOCIAL_MEDIA,2026-01-12,ORGANIC_SEARCH,2025-11-19,0,Marketing contact,Decision Makers,Passive Visitors,Low Engagement,Potential Clients,Innovation-Focused,41,Read the AI guide,https://novamind.example/ai-guide,"Educational, trust-building, practical",Explore AI-enabled workflows and differentiation,Interested in strategic ROI and team efficiency. Explore AI-enabled workflows and differentiation.,Low,15:30
noah.carter54@orbitcreative.io,Noah,Carter,Orbit Creative,Brand Strategist,+1-(556)-680-1788,https://www.orbitcreative.co,Brooklyn,IL,lead,DIRECT_TRAFFIC,2026-04-11,REFERRALS,2026-02-19,35,Marketing contact,Creative Practitioners,Action-Takers,Highly Engaged,Potential Clients,Growth-Focused,211,Book a demo,https://novamind.example/demo,"Educational, trust-building, practical",Improve conversions and client outcomes,Wants practical AI support without hurting creativity. Improve conversions and client outcomes.,High,14:00
ethan.wright55@signalstudio.com,Ethan,Wright,Signal Studio,Principal,+1-(370)-312-2325,https://www.signalstudio.studio,Atlanta,NJ,opportunity,ORGANIC_SEARCH,2026-03-03,EMAIL_MARKETING,2025-07-07,6,Non-marketing contact,Decision Makers,Product Explorers,Moderately Engaged,New Clients,Efficiency-Focused,220,See workflow examples,https://novamind.example/workflows,"Supportive, clear, confidence-building",Reduce repetitive admin and speed up execution,Interested in strategic ROI and team efficiency. Reduce repetitive admin and speed up execution.,Low,09:00
camila.taylor56@sparkmedia.com,Camila,Taylor,Spark Media,Operations Manager,+1-(735)-359-8377,https://www.sparkmedia.io,Jersey City,MA,marketingqualifiedlead,DIRECT_TRAFFIC,2026-03-25,SOCIAL_MEDIA,2026-01-30,18,Non-marketing contact,Operational Users,Action-Takers,Moderately Engaged,Potential Clients,Growth-Focused,139,Book a demo,https://novamind.example/demo,"Educational, trust-building, practical",Improve conversions and client outcomes,Needs smoother delivery processes and fewer manual handoffs. Improve conversions and client outcomes.,Medium,14:00
julian.baker57@anchorlabs.io,Julian,Baker,Anchor Labs,Client Success Manager,+1-(536)-393-5238,https://www.anchorlabs.com,Jersey City,NJ,marketingqualifiedlead,DIRECT_TRAFFIC,2026-01-12,SOCIAL_MEDIA,2024-07-07,12,Marketing contact,Operational Users,Action-Takers,Low Engagement,Potential Clients,Efficiency-Focused,56,See workflow examples,https://novamind.example/workflows,"Educational, trust-building, practical",Reduce repetitive admin and speed up execution,Needs smoother delivery processes and fewer manual handoffs. Reduce repetitive admin and speed up execution.,Medium,09:00
lucas.clark58@orbitstudio.studio,Lucas,Clark,Orbit Studio,CEO,+1-(675)-222-3323,https://www.orbitstudio.io,Boston,GA,customer,ORGANIC_SEARCH,2026-04-15,DIRECT_TRAFFIC,2025-08-11,22,Non-marketing contact,Decision Makers,Product Explorers,Highly Engaged,Established Clients,Growth-Focused,627,Book a demo,https://novamind.example/demo,"Direct, consultative, partnership-oriented",Improve conversions and client outcomes,Interested in strategic ROI and team efficiency. Improve conversions and client outcomes.,Medium,15:30
maya.adams59@beaconhouse.studio,Maya,Adams,Beacon House,Head of Growth,+1-(845)-360-5096,https://www.beaconhouse.studio,San Francisco,MA,customer,SOCIAL_MEDIA,2026-03-10,REFERRALS,2025-11-10,8,Non-marketing contact,Decision Makers,Passive Visitors,Moderately Engaged,Established Clients,Innovation-Focused,235,Read the AI guide,https://novamind.example/ai-guide,"Direct, consultative, partnership-oriented",Explore AI-enabled workflows and differentiation,Interested in strategic ROI and team efficiency. Explore AI-enabled workflows and differentiation.,Low,09:00
daniel.king60@framecreative.com,Daniel,King,Frame Creative,Client Success Manager,+1-(725)-216-7060,https://www.framecreative.io,Los Angeles,MA,customer,ORGANIC_SEARCH,2026-03-06,DIRECT_TRAFFIC,2024-11-04,9,Non-marketing contact,Operational Users,Product Explorers,Moderately Engaged,Established Clients,Efficiency-Focused,126,See workflow examples,https://novamind.example/workflows,"Direct, consultative, partnership-oriented",Reduce repetitive admin and speed up execution,Needs smoother delivery processes and fewer manual handoffs. Reduce repetitive admin and speed up execution.,Medium,09:00
mia.green61@threadcollective.io,Mia,Green,Thread Collective,Head of Growth,+1-(602)-673-4473,https://www.threadcollective.co,Jersey City,NJ,lead,DIRECT_TRAFFIC,2026-04-06,EMAIL_MARKETING,2025-05-11,22,Marketing contact,Decision Makers,Action-Takers,Highly Engaged,Potential Clients,Efficiency-Focused,291,See workflow examples,https://novamind.example/workflows,"Educational, trust-building, practical",Reduce repetitive admin and speed up execution,Interested in strategic ROI and team efficiency. Reduce repetitive admin and speed up execution.,High,11:00
camila.johnson62@anchorlabs.io,Camila,Johnson,Anchor Labs,Client Success Manager,+1-(896)-390-8890,https://www.anchorlabs.com,Seattle,CA,evangelist,DIRECT_TRAFFIC,2025-12-16,EMAIL_MARKETING,2024-11-06,9,Non-marketing contact,Operational Users,Action-Takers,Low Engagement,Established Clients,Growth-Focused,49,Book a demo,https://novamind.example/demo,"Direct, consultative, partnership-oriented",Improve conversions and client outcomes,Needs smoother delivery processes and fewer manual handoffs. Improve conversions and client outcomes.,Medium,10:00
charlotte.scott63@layerpartners.studio,Charlotte,Scott,Layer Partners,Delivery Lead,+1-(874)-211-4436,https://www.layerpartners.com,Seattle,IL,customer,DIRECT_TRAFFIC,2026-04-06,EMAIL_MARKETING,2025-03-29,27,Marketing contact,Operational Users,Action-Takers,Highly Engaged,Established Clients,Efficiency-Focused,323,See workflow examples,https://novamind.example/workflows,"Direct, consultative, partnership-oriented",Reduce repetitive admin and speed up execution,Needs smoother delivery processes and fewer manual handoffs. Reduce repetitive admin and speed up execution.,Low,14:00
aurora.nguyen64@anchorlabs.studio,Aurora,Nguyen,Anchor Labs,Brand Strategist,+1-(888)-319-2940,https://www.anchorlabs.io,Los Angeles,WA,evangelist,ORGANIC_SEARCH,2026-04-12,DIRECT_TRAFFIC,2025-08-17,25,Non-marketing contact,Creative Practitioners,Product Explorers,Highly Engaged,Established Clients,Innovation-Focused,889,Read the AI guide,https://novamind.example/ai-guide,"Direct, consultative, partnership-oriented",Explore AI-enabled workflows and differentiation,Wants practical AI support without hurting creativity. Explore AI-enabled workflows and differentiation.,Medium,08:30
liam.walker65@northpartners.studio,Liam,Walker,North Partners,Client Success Manager,+1-(584)-636-7861,https://www.northpartners.com,Jersey City,CA,marketingqualifiedlead,SOCIAL_MEDIA,2025-12-24,EMAIL_MARKETING,2024-07-13,0,Non-marketing contact,Operational Users,Passive Visitors,Low Engagement,Potential Clients,Efficiency-Focused,104,See workflow examples,https://novamind.example/workflows,"Educational, trust-building, practical",Reduce repetitive admin and speed up execution,Needs smoother delivery processes and fewer manual handoffs. Reduce repetitive admin and speed up execution.,Low,10:00
camila.scott66@summitworks.io,Camila,Scott,Summit Works,Founder,+1-(491)-645-6602,https://www.summitworks.studio,Seattle,NY,opportunity,SOCIAL_MEDIA,2026-04-10,REFERRALS,2025-04-06,11,Marketing contact,Decision Makers,Passive Visitors,Highly Engaged,New Clients,Efficiency-Focused,854,See workflow examples,https://novamind.example/workflows,"Supportive, clear, confidence-building",Reduce repetitive admin and speed up execution,Interested in strategic ROI and team efficiency. Reduce repetitive admin and speed up execution.,High,14:00
benjamin.brown67@sparkcreative.io,Benjamin,Brown,Spark Creative,Studio Manager,+1-(759)-787-1814,https://www.sparkcreative.studio,Seattle,NJ,lead,SOCIAL_MEDIA,2026-03-20,EMAIL_MARKETING,2025-01-16,5,Non-marketing contact,Operational Users,Passive Visitors,Moderately Engaged,Potential Clients,Growth-Focused,119,Book a demo,https://novamind.example/demo,"Educational, trust-building, practical",Improve conversions and client outcomes,Needs smoother delivery processes and fewer manual handoffs. Improve conversions and client outcomes.,Low,14:00
maya.ross68@summitworks.studio,Maya,Ross,Summit Works,Head of Growth,+1-(872)-213-7043,https://www.summitworks.co,Seattle,IL,customer,DIRECT_TRAFFIC,2026-03-10,ORGANIC_SEARCH,2025-08-17,17,Marketing contact,Decision Makers,Action-Takers,Moderately Engaged,Established Clients,Innovation-Focused,164,Read the AI guide,https://novamind.example/ai-guide,"Direct, consultative, partnership-oriented",Explore AI-enabled workflows and differentiation,Interested in strategic ROI and team efficiency. Explore AI-enabled workflows and differentiation.,Low,11:00
evelyn.martinez69@motiveworks.studio,Evelyn,Martinez,Motive Works,Operations Manager,+1-(687)-988-7757,https://www.motiveworks.com,Brooklyn,MA,evangelist,DIRECT_TRAFFIC,2026-03-03,EMAIL_MARKETING,2026-01-28,13,Marketing contact,Operational Users,Action-Takers,Moderately Engaged,Established Clients,Growth-Focused,303,Book a demo,https://novamind.example/demo,"Direct, consultative, partnership-oriented",Improve conversions and client outcomes,Needs smoother delivery processes and fewer manual handoffs. Improve conversions and client outcomes.,Low,11:00
mia.roberts70@novaworks.com,Mia,Roberts,Nova Works,Founder,+1-(252)-574-3372,https://www.novaworks.com,Seattle,MA,evangelist,DIRECT_TRAFFIC,2026-04-15,EMAIL_MARKETING,2024-12-20,22,Marketing contact,Decision Makers,Action-Takers,Highly Engaged,Established Clients,Efficiency-Focused,762,See workflow examples,https://novamind.example/workflows,"Direct, consultative, partnership-oriented",Reduce repetitive admin and speed up execution,Interested in strategic ROI and team efficiency. Reduce repetitive admin and speed up execution.,Medium,15:30
chloe.green71@northworks.com,Chloe,Green,North Works,Operations Manager,+1-(682)-893-3727,https://www.northworks.co,Brooklyn,CA,evangelist,ORGANIC_SEARCH,2026-03-01,DIRECT_TRAFFIC,2025-01-29,4,Non-marketing contact,Operational Users,Product Explorers,Moderately Engaged,Established Clients,Efficiency-Focused,236,See workflow examples,https://novamind.example/workflows,"Direct, consultative, partnership-oriented",Reduce repetitive admin and speed up execution,Needs smoother delivery processes and fewer manual handoffs. Reduce repetitive admin and speed up execution.,Medium,15:30
samuel.martinez72@layermedia.studio,Samuel,Martinez,Layer Media,Content Strategist,+1-(902)-585-4839,https://www.layermedia.studio,Seattle,NY,opportunity,SOCIAL_MEDIA,2026-02-06,PAID_SEARCH,2024-11-05,1,Non-marketing contact,Creative Practitioners,Passive Visitors,Low Engagement,New Clients,Growth-Focused,54,Book a demo,https://novamind.example/demo,"Supportive, clear, confidence-building",Improve conversions and client outcomes,Wants practical AI support without hurting creativity. Improve conversions and client outcomes.,Medium,11:00
henry.garcia73@framehouse.com,Henry,Garcia,Frame House,Studio Manager,+1-(440)-516-1943,https://www.framehouse.studio,San Francisco,WA,evangelist,ORGANIC_SEARCH,2026-04-07,REFERRALS,2024-08-29,12,Marketing contact,Operational Users,Product Explorers,Highly Engaged,Established Clients,Innovation-Focused,732,Read the AI guide,https://novamind.example/ai-guide,"Direct, consultative, partnership-oriented",Explore AI-enabled workflows and differentiation,Needs smoother delivery processes and fewer manual handoffs. Explore AI-enabled workflows and differentiation.,High,11:00
amelia.young74@flowgroup.com,Amelia,Young,Flow Group,Head of Growth,+1-(918)-496-6944,https://www.flowgroup.io,Los Angeles,TX,lead,DIRECT_TRAFFIC,2026-03-07,PAID_SEARCH,2025-07-13,17,Marketing contact,Decision Makers,Action-Takers,Moderately Engaged,Potential Clients,Growth-Focused,178,Book a demo,https://novamind.example/demo,"Educational, trust-building, practical",Improve conversions and client outcomes,Interested in strategic ROI and team efficiency. Improve conversions and client outcomes.,Low,08:30
charlotte.ross75@bluecreative.studio,Charlotte,Ross,Blue Creative,Delivery Lead,+1-(637)-299-8321,https://www.bluecreative.co,Seattle,NY,customer,SOCIAL_MEDIA,2026-04-15,PAID_SEARCH,2024-08-23,14,Non-marketing contact,Operational Users,Passive Visitors,Highly Engaged,New Clients,Growth-Focused,759,Book a demo,https://novamind.example/demo,"Supportive, clear, confidence-building",Improve conversions and client outcomes,Needs smoother delivery processes and fewer manual handoffs. Improve conversions and client outcomes.,Medium,10:00
aria.johnson76@openworks.com,Aria,Johnson,Open Works,Head of Growth,+1-(886)-718-7440,https://www.openworks.co,San Francisco,TX,customer,ORGANIC_SEARCH,2026-04-03,PAID_SEARCH,2024-08-13,8,Marketing contact,Decision Makers,Product Explorers,Moderately Engaged,Established Clients,Growth-Focused,238,Book a demo,https://novamind.example/demo,"Direct, consultative, partnership-oriented",Improve conversions and client outcomes,Interested in strategic ROI and team efficiency. Improve conversions and client outcomes.,Low,15:30
ella.lee77@frameworks.io,Ella,Lee,Frame Works,Brand Strategist,+1-(804)-805-8229,https://www.frameworks.com,San Francisco,CA,opportunity,SOCIAL_MEDIA,2026-04-15,PAID_SEARCH,2026-03-21,11,Non-marketing contact,Creative Practitioners,Passive Visitors,Highly Engaged,New Clients,Efficiency-Focused,328,See workflow examples,https://novamind.example/workflows,"Supportive, clear, confidence-building",Reduce repetitive admin and speed up execution,Wants practical AI support without hurting creativity. Reduce repetitive admin and speed up execution.,Low,15:30
ella.garcia78@canvaspartners.studio,Ella,Garcia,Canvas Partners,Operations Manager,+1-(300)-594-1356,https://www.canvaspartners.com,San Francisco,CA,lead,ORGANIC_SEARCH,2026-04-13,EMAIL_MARKETING,2025-03-07,17,Non-marketing contact,Operational Users,Product Explorers,Highly Engaged,Potential Clients,Innovation-Focused,259,Read the AI guide,https://novamind.example/ai-guide,"Educational, trust-building, practical",Explore AI-enabled workflows and differentiation,Needs smoother delivery processes and fewer manual handoffs. Explore AI-enabled workflows and differentiation.,Low,09:00
henry.mitchell79@bluecreative.co,Henry,Mitchell,Blue Creative,Head of Growth,+1-(785)-503-6480,https://www.bluecreative.co,Seattle,MA,subscriber,ORGANIC_SEARCH,2026-01-07,PAID_SEARCH,2025-04-10,3,Non-marketing contact,Decision Makers,Product Explorers,Low Engagement,Potential Clients,Growth-Focused,67,Book a demo,https://novamind.example/demo,"Educational, trust-building, practical",Improve conversions and client outcomes,Interested in strategic ROI and team efficiency. Improve conversions and client outcomes.,Low,08:30
noah.taylor80@bluelabs.com,Noah,Taylor,Blue Labs,Studio Manager,+1-(497)-625-3657,https://www.bluelabs.com,Seattle,TX,evangelist,DIRECT_TRAFFIC,2026-01-24,PAID_SEARCH,2025-05-05,7,Non-marketing contact,Operational Users,Action-Takers,Low Engagement,Established Clients,Innovation-Focused,70,Read the AI guide,https://novamind.example/ai-guide,"Direct, consultative, partnership-oriented",Explore AI-enabled workflows and differentiation,Needs smoother delivery processes and fewer manual handoffs. Explore AI-enabled workflows and differentiation.,Medium,08:30
camila.chen81@motivegroup.co,Camila,Chen,Motive Group,Client Success Manager,+1-(929)-379-4222,https://www.motivegroup.com,Brooklyn,MA,evangelist,DIRECT_TRAFFIC,2026-01-20,PAID_SEARCH,2025-08-12,6,Marketing contact,Operational Users,Action-Takers,Low Engagement,Established Clients,Growth-Focused,88,Book a demo,https://novamind.example/demo,"Direct, consultative, partnership-oriented",Improve conversions and client outcomes,Needs smoother delivery processes and fewer manual handoffs. Improve conversions and client outcomes.,Medium,14:00
violet.garcia82@pixelhouse.co,Violet,Garcia,Pixel House,CEO,+1-(337)-881-5362,https://www.pixelhouse.co,Jersey City,CA,marketingqualifiedlead,DIRECT_TRAFFIC,2026-04-10,ORGANIC_SEARCH,2025-12-19,25,Non-marketing contact,Decision Makers,Action-Takers,Highly Engaged,Potential Clients,Innovation-Focused,834,Read the AI guide,https://novamind.example/ai-guide,"Educational, trust-building, practical",Explore AI-enabled workflows and differentiation,Interested in strategic ROI and team efficiency. Explore AI-enabled workflows and differentiation.,Low,11:00
priya.martinez83@beaconhouse.com,Priya,Martinez,Beacon House,Art Director,+1-(658)-725-1420,https://www.beaconhouse.co,New York,WA,evangelist,ORGANIC_SEARCH,2025-12-09,SOCIAL_MEDIA,2025-09-18,4,Non-marketing contact,Creative Practitioners,Product Explorers,Low Engagement,Established Clients,Efficiency-Focused,111,See workflow examples,https://novamind.example/workflows,"Direct, consultative, partnership-oriented",Reduce repetitive admin and speed up execution,Wants practical AI support without hurting creativity. Reduce repetitive admin and speed up execution.,High,08:30
sofia.lee84@framecollective.io,Sofia,Lee,Frame Collective,Brand Strategist,+1-(306)-559-2538,https://www.framecollective.co,New York,IL,marketingqualifiedlead,ORGANIC_SEARCH,2026-03-12,DIRECT_TRAFFIC,2024-11-02,4,Non-marketing contact,Creative Practitioners,Product Explorers,Low Engagement,Potential Clients,Efficiency-Focused,96,See workflow examples,https://novamind.example/workflows,"Educational, trust-building, practical",Reduce repetitive admin and speed up execution,Wants practical AI support without hurting creativity. Reduce repetitive admin and speed up execution.,Low,09:00
ava.lopez85@threadstudio.com,Ava,Lopez,Thread Studio,Client Success Manager,+1-(606)-253-6951,https://www.threadstudio.io,Los Angeles,WA,subscriber,ORGANIC_SEARCH,2026-03-14,EMAIL_MARKETING,2025-01-20,6,Marketing contact,Operational Users,Product Explorers,Moderately Engaged,Potential Clients,Innovation-Focused,84,Read the AI guide,https://novamind.example/ai-guide,"Educational, trust-building, practical",Explore AI-enabled workflows and differentiation,Needs smoother delivery processes and fewer manual handoffs. Explore AI-enabled workflows and differentiation.,Medium,11:00
aria.baker86@motivemedia.com,Aria,Baker,Motive Media,Client Success Manager,+1-(717)-885-1341,https://www.motivemedia.co,Jersey City,GA,evangelist,ORGANIC_SEARCH,2026-04-14,SOCIAL_MEDIA,2026-01-14,26,Marketing contact,Operational Users,Product Explorers,Highly Engaged,Established Clients,Growth-Focused,371,Book a demo,https://novamind.example/demo,"Direct, consultative, partnership-oriented",Improve conversions and client outcomes,Needs smoother delivery processes and fewer manual handoffs. Improve conversions and client outcomes.,Medium,11:00
scarlett.nelson87@northworks.io,Scarlett,Nelson,North Works,Operations Manager,+1-(324)-261-9417,https://www.northworks.io,Brooklyn,MA,customer,SOCIAL_MEDIA,2026-03-12,SOCIAL_MEDIA,2025-10-28,5,Marketing contact,Operational Users,Passive Visitors,Moderately Engaged,New Clients,Efficiency-Focused,95,See workflow examples,https://novamind.example/workflows,"Supportive, clear, confidence-building",Reduce repetitive admin and speed up execution,Needs smoother delivery processes and fewer manual handoffs. Reduce repetitive admin and speed up execution.,Low,10:00
wyatt.allen88@bluegroup.co,Wyatt,Allen,Blue Group,Head of Growth,+1-(672)-761-5975,https://www.bluegroup.studio,San Francisco,IL,opportunity,SOCIAL_MEDIA,2025-10-22,DIRECT_TRAFFIC,2025-03-10,0,Non-marketing contact,Decision Makers,Passive Visitors,Low Engagement,New Clients,Growth-Focused,98,Book a demo,https://novamind.example/demo,"Supportive, clear, confidence-building",Improve conversions and client outcomes,Interested in strategic ROI and team efficiency. Improve conversions and client outcomes.,Medium,15:30
daniel.lee89@signalgroup.studio,Daniel,Lee,Signal Group,Project Manager,+1-(765)-268-6701,https://www.signalgroup.studio,New York,GA,evangelist,SOCIAL_MEDIA,2026-03-08,ORGANIC_SEARCH,2025-04-20,7,Marketing contact,Operational Users,Passive Visitors,Moderately Engaged,Established Clients,Efficiency-Focused,220,See workflow examples,https://novamind.example/workflows,"Direct, consultative, partnership-oriented",Reduce repetitive admin and speed up execution,Needs smoother delivery processes and fewer manual handoffs. Reduce repetitive admin and speed up execution.,Low,08:30
julian.anderson90@threadagency.co,Julian,Anderson,Thread Agency,Creative Lead,+1-(710)-607-3451,https://www.threadagency.studio,Seattle,NJ,lead,DIRECT_TRAFFIC,2026-03-22,ORGANIC_SEARCH,2025-11-17,20,Marketing contact,Creative Practitioners,Action-Takers,Moderately Engaged,Potential Clients,Efficiency-Focused,140,See workflow examples,https://novamind.example/workflows,"Educational, trust-building, practical",Reduce repetitive admin and speed up execution,Wants practical AI support without hurting creativity. Reduce repetitive admin and speed up execution.,Low,11:00
jack.perez91@orbitcreative.io,Jack,Perez,Orbit Creative,Studio Manager,+1-(790)-586-4800,https://www.orbitcreative.com,Chicago,CA,opportunity,ORGANIC_SEARCH,2026-03-11,SOCIAL_MEDIA,2024-08-19,8,Non-marketing contact,Operational Users,Product Explorers,Moderately Engaged,New Clients,Innovation-Focused,169,Read the AI guide,https://novamind.example/ai-guide,"Supportive, clear, confidence-building",Explore AI-enabled workflows and differentiation,Needs smoother delivery processes and fewer manual handoffs. Explore AI-enabled workflows and differentiation.,Medium,09:00
aurora.mitchell92@signalmedia.com,Aurora,Mitchell,Signal Media,Managing Director,+1-(664)-210-2118,https://www.signalmedia.co,Brooklyn,GA,evangelist,ORGANIC_SEARCH,2026-04-09,DIRECT_TRAFFIC,2026-02-07,24,Non-marketing contact,Decision Makers,Product Explorers,Highly Engaged,Established Clients,Growth-Focused,546,Book a demo,https://novamind.example/demo,"Direct, consultative, partnership-oriented",Improve conversions and client outcomes,Interested in strategic ROI and team efficiency. Improve conversions and client outcomes.,Low,15:30
ella.hall93@beaconlabs.co,Ella,Hall,Beacon Labs,Client Success Manager,+1-(314)-871-5831,https://www.beaconlabs.io,Atlanta,GA,opportunity,SOCIAL_MEDIA,2026-03-29,SOCIAL_MEDIA,2025-12-23,7,Marketing contact,Operational Users,Passive Visitors,Moderately Engaged,New Clients,Innovation-Focused,237,Read the AI guide,https://novamind.example/ai-guide,"Supportive, clear, confidence-building",Explore AI-enabled workflows and differentiation,Needs smoother delivery processes and fewer manual handoffs. Explore AI-enabled workflows and differentiation.,Low,14:00
camila.martinez94@threadagency.co,Camila,Martinez,Thread Agency,Art Director,+1-(301)-800-1252,https://www.threadagency.com,Austin,TX,customer,DIRECT_TRAFFIC,2026-04-15,ORGANIC_SEARCH,2024-09-06,40,Non-marketing contact,Creative Practitioners,Action-Takers,Highly Engaged,New Clients,Efficiency-Focused,182,See workflow examples,https://novamind.example/workflows,"Supportive, clear, confidence-building",Reduce repetitive admin and speed up execution,Wants practical AI support without hurting creativity. Reduce repetitive admin and speed up execution.,Medium,10:00
owen.nelson95@studiogroup.co,Owen,Nelson,Studio Group,Senior Designer,+1-(264)-865-1204,https://www.studiogroup.io,Jersey City,WA,marketingqualifiedlead,DIRECT_TRAFFIC,2026-04-02,REFERRALS,2024-10-27,12,Non-marketing contact,Creative Practitioners,Action-Takers,Moderately Engaged,Potential Clients,Efficiency-Focused,162,See workflow examples,https://novamind.example/workflows,"Educational, trust-building, practical",Reduce repetitive admin and speed up execution,Wants practical AI support without hurting creativity. Reduce repetitive admin and speed up execution.,Low,14:00
sebastian.garcia96@studiocollective.com,Sebastian,Garcia,Studio Collective,Founder,+1-(802)-377-6157,https://www.studiocollective.com,San Francisco,IL,lead,ORGANIC_SEARCH,2026-04-05,PAID_SEARCH,2025-07-04,13,Marketing contact,Decision Makers,Product Explorers,Moderately Engaged,Potential Clients,Efficiency-Focused,197,See workflow examples,https://novamind.example/workflows,"Educational, trust-building, practical",Reduce repetitive admin and speed up execution,Interested in strategic ROI and team efficiency. Reduce repetitive admin and speed up execution.,Medium,08:30
leo.king97@openagency.studio,Leo,King,Open Agency,Studio Manager,+1-(606)-775-6946,https://www.openagency.com,Chicago,GA,customer,DIRECT_TRAFFIC,2026-04-03,PAID_SEARCH,2025-02-19,11,Non-marketing contact,Operational Users,Action-Takers,Moderately Engaged,New Clients,Growth-Focused,162,Book a demo,https://novamind.example/demo,"Supportive, clear, confidence-building",Improve conversions and client outcomes,Needs smoother delivery processes and fewer manual handoffs. Improve conversions and client outcomes.,Low,08:30
aria.clark98@bluemedia.io,Aria,Clark,Blue Media,Creative Lead,+1-(758)-330-8263,https://www.bluemedia.studio,Austin,TX,opportunity,DIRECT_TRAFFIC,2026-03-18,ORGANIC_SEARCH,2025-10-17,14,Non-marketing contact,Creative Practitioners,Action-Takers,Moderately Engaged,New Clients,Growth-Focused,198,Book a demo,https://novamind.example/demo,"Supportive, clear, confidence-building",Improve conversions and client outcomes,Wants practical AI support without hurting creativity. Improve conversions and client outcomes.,Medium,09:00
ella.anderson99@sparkhouse.co,Ella,Anderson,Spark House,Head of Growth,+1-(329)-968-3011,https://www.sparkhouse.com,Atlanta,IL,marketingqualifiedlead,ORGANIC_SEARCH,2026-03-02,REFERRALS,2025-06-03,9,Marketing contact,Decision Makers,Product Explorers,Moderately Engaged,Potential Clients,Growth-Focused,348,Book a demo,https://novamind.example/demo,"Educational, trust-building, practical",Improve conversions and client outcomes,Interested in strategic ROI and team efficiency. Improve conversions and client outcomes.,Low,14:00
mateo.nelson100@beaconlabs.io,Mateo,Nelson,Beacon Labs,Operations Manager,+1-(519)-290-4709,https://www.beaconlabs.io,Jersey City,GA,customer,ORGANIC_SEARCH,2025-10-24,SOCIAL_MEDIA,2024-05-10,2,Marketing contact,Operational Users,Product Explorers,Low Engagement,Established Clients,Efficiency-Focused,118,See workflow examples,https://novamind.example/workflows,"Direct, consultative, partnership-oriented",Reduce repetitive admin and speed up execution,Needs smoother delivery processes and fewer manual handoffs. Reduce repetitive admin and speed up execution.,Medium,09:00
